Implementation,Time,Library Implementation,Difference,Vanilla Implementation Backend,Library Backend
1D Convolution,0.02034783363342285,(Numpy)0.0006546974182128906,0.01969313621520996,Python, Primarily C with some features in Python and C++
2D Convolution Using Vectorisation,2.133363962173462,(Scipy)0.0022161006927490234,2.131147861480713,Python,C
2D Convolution Using FFT,0.03809785842895508,(CV2)0.0039060115814208984,0.03419184684753418,Python,C++
2D Convolution Using Linearly Seperable Kernel,0.11501526832580566,(CV2)0.00011491775512695312,0.11490035057067871,Python,C++
2D Fast FFT Convolution Using Pytorch Functions,0.02835988998413086,(CV2)0.00015687942504882812,0.02820301055908203,Python,C++
